{"cameraMode":{"drawMode":0,"name":"Shaded","section":"Shading Mode"},"sceneLighting":true,"audioPlay":false,"sceneViewState":{"showFog":true,"showMaterialUpdate":false,"showSkybox":true,"showFlares":true,"showImageEffects":true,"showParticleSystems":true},"in2DMode":false,"pivot":{"x":7.119999885559082,"y":6.720369815826416,"z":1.7610020637512208},"rotation":{"x":0.0033949052449315788,"y":0.9889156818389893,"z":-0.14673900604248048,"w":0.022862376645207406},"size":2.1685104370117189,"orthographic":false}